,Residue,Type,Counts
240,708,MS,5
170,353,MS,5
188,43,MS,5
274,93,MS,5
38,1212,FS,4
29,1163,MS,4
35,1193,MS,4
114,1607,MS,4
174,372,MS,4
102,1542,MS,4
88,1495,MS,4
8,1019,FS,4
207,55,MS,4
61,1320,MS,3
127,1689,MS,3
182,401,MS,3
33,1174,MS,3
245,737,MS,3
125,1671,MS,3
44,1244,MS,3
263,855,MS,3
26,1127,MS,3
247,748,MS,3
14,106,MS,3
221,622,MS,3
76,143,MS,3
284,995,MS,3
160,305,MS,3
283,989,MS,3
94,1518,MS,3
201,520,MS,3
51,1275,FS,2
52,1277,MS,2
54,128,MS,2
55,1281,MS,2
99,1527,MS,2
220,621,MS,2
74,1425,MS,2
248,756,MS,2
115,1611,MS,2
63,134,MS,2
226,637,MS,2
65,1349,MS,2
124,1660,MS,2
229,65,MS,2
69,1384,MS,2
231,660,MS,2
122,1650,FS,2
120,1645,MS,2
208,552,MS,2
21,1091,MS,2
20,1085,MS,2
175,382,MS,2
157,295,MS,2
181,400,MS,2
257,833,MS,2
39,1213,MS,2
183,403,MS,2
250,761,MS,2
134,1722,MS,2
253,801,FS,2
282,986,MS,2
251,770,MS,2
164,32,MS,1
167,323,MS,1
168,331,FS,1
198,511,MS,1
166,322,MS,1
165,320,MS,1
203,532,MS,1
199,517,MS,1
200,52,MS,1
163,32,FS,1
202,53,MS,1
169,332,MS,1
204,539,MS,1
205,540,MS,1
206,549,MS,1
162,310,MS,1
197,510,MS,1
186,424,MS,1
171,359,MS,1
196,51,MS,1
187,428,MS,1
185,416,MS,1
184,414,FS,1
189,432,MS,1
190,433,FS,1
191,452,MS,1
180,39,MS,1
179,389,MS,1
178,385,MS,1
192,454,MS,1
177,384,MS,1
176,383,FS,1
193,467,MS,1
194,498,MS,1
173,367,MS,1
195,50,MS,1
172,363,MS,1
0,1003,MS,1
227,639,MS,1
209,553,MS,1
267,873,MS,1
252,781,MS,1
254,812,FS,1
255,815,MS,1
256,817,MS,1
258,842,FS,1
259,842,MS,1
260,843,FS,1
261,844,MS,1
262,855,FS,1
264,860,MS,1
265,867,MS,1
266,868,FS,1
268,876,MS,1
210,555,MS,1
269,88,MS,1
270,902,MS,1
271,906,MS,1
272,908,MS,1
273,910,FS,1
275,942,MS,1
276,949,MS,1
277,952,MS,1
278,954,MS,1
279,97,MS,1
280,970,MS,1
281,980,MS,1
249,757,MS,1
246,741,MS,1
244,735,FS,1
243,730,MS,1
211,564,MS,1
212,569,MS,1
213,57,MS,1
214,573,MS,1
215,577,MS,1
216,588,MS,1
217,618,FS,1
218,618,MS,1
219,62,MS,1
222,630,MS,1
223,632,FS,1
224,632,MS,1
225,634,MS,1
228,646,MS,1
230,66,MS,1
232,673,MS,1
233,682,MS,1
234,690,MS,1
235,692,MS,1
236,694,MS,1
237,7,MS,1
238,704,MS,1
239,706,FS,1
241,71,MS,1
242,725,MS,1
161,31,MS,1
143,222,MS,1
159,300,MS,1
62,1329,MS,1
43,1239,MS,1
45,1250,MS,1
46,1259,FS,1
47,1259,MS,1
48,1264,MS,1
49,1273,MS,1
50,1274,MS,1
53,1279,MS,1
56,1285,MS,1
57,1300,MS,1
58,1303,MS,1
59,1311,MS,1
60,1316,MS,1
64,1348,MS,1
83,1466,MS,1
66,1371,FS,1
67,1374,MS,1
68,1378,MS,1
70,1386,MS,1
71,1410,MS,1
72,1412,FS,1
73,1421,MS,1
75,1427,MS,1
77,1433,MS,1
78,1435,MS,1
79,1442,MS,1
80,1444,MS,1
81,1458,MS,1
42,1230,MS,1
41,1229,MS,1
40,1217,MS,1
37,121,MS,1
2,1008,FS,1
3,1009,FS,1
4,1013,MS,1
5,1016,MS,1
6,1017,MS,1
7,1018,MS,1
9,102,MS,1
10,103,MS,1
11,1033,MS,1
12,1036,MS,1
13,1044,MS,1
15,1068,MS,1
16,1069,MS,1
17,1070,MS,1
18,1073,FS,1
19,1082,MS,1
22,1094,MS,1
23,1099,MS,1
24,110,MS,1
25,1107,MS,1
27,1149,MS,1
28,1157,MS,1
30,1165,MS,1
31,1166,MS,1
32,1171,MS,1
34,1181,FS,1
36,120,MS,1
82,1461,MS,1
84,1475,MS,1
158,297,MS,1
142,219,MS,1
128,1692,MS,1
129,1700,MS,1
130,1709,MS,1
131,1716,FS,1
132,1720,MS,1
133,1721,MS,1
135,1729,MS,1
136,174,MS,1
137,193,MS,1
138,2,MS,1
139,204,MS,1
140,21,MS,1
141,211,MS,1
1,1007,MS,1
85,1481,MS,1
144,223,MS,1
145,225,MS,1
146,23,MS,1
147,238,MS,1
148,245,MS,1
149,25,MS,1
150,253,MS,1
151,257,MS,1
152,272,MS,1
153,273,MS,1
154,276,MS,1
155,279,MS,1
156,291,MS,1
126,1673,MS,1
123,166,MS,1
121,1646,MS,1
119,164,MS,1
86,1490,MS,1
87,1491,MS,1
89,1498,MS,1
90,150,MS,1
91,1500,MS,1
92,1503,MS,1
93,1504,MS,1
95,152,FS,1
96,152,MS,1
97,1523,MS,1
98,1526,MS,1
100,154,MS,1
101,1540,MS,1
103,1548,MS,1
104,1552,MS,1
105,1553,MS,1
106,1556,MS,1
107,1564,FS,1
108,1577,MS,1
109,1580,MS,1
110,1582,MS,1
111,159,FS,1
112,159,MS,1
113,1605,MS,1
116,1615,MS,1
117,1625,MS,1
118,1638,MS,1
285,999,MS,1
